Name,Company,Title,Industry,LinkedIn,Innovera Contact
Mikael Klintberg,Örebro University,Head of External Relations & Project Manager, AI, Robotics and Cybersecurity Center (ARC),Academia / AI & Robotics,https://www.linkedin.com/in/mikaelklintberg,Daniel
Vasyl Rakivnenko,Stanford Law School,AI Technical Lead,Academia / AI Research,https://www.linkedin.com/in/rakivnenkov,Daniel
George Berezhnov,London Business School,Sloan Fellow - Sloan Masters in Leadership and Strategy,Academia / Business Education,https://www.linkedin.com/in/gberezhnov,Daniel
Nik Brodskiy,San José State University,Lecturer, Finance & Accounting,Academia / Finance,https://www.linkedin.com/in/nbrodskiy,Daniel
Nesra Yannier,Carnegie Mellon University,Senior Systems Scientist,Academia / Research,https://www.linkedin.com/in/nesra-yannier-17b7a119,Daniel
Serephina Ha,Founder Institute,Managing Director,Accelerator / Entrepreneurship,https://www.linkedin.com/in/serephina-ha,Daniel
Dr. Paul Fang,Bay Area Founders Club,Founder & CEO,Accelerator / Entrepreneurship,https://www.linkedin.com/in/paul-fang-phd,Daniel
Nedra Fu,Creative HQ,GM, School of Innovation,Accelerator / Innovation,https://www.linkedin.com/in/nedrafu,Daniel
Danil Kislinskiy,Berkeley SkyDeck,Startup Founder / Alumni,Accelerator / Startup Ecosystem,https://www.linkedin.com/in/danilkislinskiy,Daniel
Pierre ROBINET,Ogilvy Asia,President Ogilvy Health Asia Pacific,Advertising / Marketing,https://www.linkedin.com/in/pierrerobinet,Daniel
Anders Ericsson,Entrepreneur In Residence,Telespazio Germany GmbH,Aerospace,https://www.linkedin.com/in/anders-ericsson-raw,Daniel
Daria Moisio,Technology Analyst & Business Innovation,Thales Alenia Space,Aerospace,https://www.linkedin.com/in/daria-moisio,Daniel
Mike Prince,Peer-to-Peer Agentic AI Evangelist,Agentic Profile,AI / Advocacy,https://www.linkedin.com/in/mike-prince-7713,Daniel
Karan Chaudhry,Sprouts.ai,Co-Founder and CEO,AI / Agritech,https://www.linkedin.com/in/karanchaudhry,Daniel
Priyanka Dhanawade,Sprouts.ai,Director GTM,AI / Agritech,https://www.linkedin.com/in/priyankadhanawade,Daniel
Cecilia Cao, PhD,CEO & Co-Founder,AutoSeek,AI / Automotive,https://www.linkedin.com/in/cecilia-cao,Daniel
Peter B. Ritz,Stealth AI Startup,Enterprise AI, Hyperscale Cloud,AI / Cloud,https://www.linkedin.com/in/peterbritz,Daniel
Vlad Pranskevichus,Claid,CTO & Founder,AI / Computer Vision,https://www.linkedin.com/in/vlprans,Daniel
Jeff Ritter,TransformLearning.ai,Founder,AI / EdTech,https://www.linkedin.com/in/jeff-ritter-4651a61,Daniel
Ian Lordemann,C3 AI,AI Solutions Leader,AI / Enterprise Software,https://www.linkedin.com/in/ian-lordemann,Daniel
Harry Wetherall,INNOVERA AI,Head of Special Projects & Platform Delivery,AI / Enterprise Software,https://www.linkedin.com/in/harry-wetherall,Daniel
John Whaley,Redcoat AI,Founder and CEO,AI / Enterprise Software,https://www.linkedin.com/in/joewhaley,Daniel
Howie Xu,Gen,Chief AI & Innovation Officer,AI / Enterprise Software,https://www.linkedin.com/in/howie,Daniel
Cyril Shtabtsovsky,AlphaSemantic,Founder,AI / Enterprise Software,https://www.linkedin.com/in/cyrilsh,Daniel
Satish Padmanabhan,Dimaag-AI,Founder and CEO,AI / Enterprise Software,https://www.linkedin.com/in/satish-padmanabhan,Daniel
Constantine Belenko,INNOVERA AI,Founding Engineer,AI / Enterprise Software,https://www.linkedin.com/in/constantine-belenko-bb54631b9,Daniel
Felipe Góes,INNOVERA.AI,Customer Success Junior Manager,AI / Enterprise Software,https://www.linkedin.com/in/felipecgoes,Daniel
Alex Utkin,Clutch,Head of AI Innovations,AI / Enterprise Software,https://www.linkedin.com/in/alex-utkin,Daniel
Rabie Zahri,Positon AI,Co-Founder & CEO,AI / Enterprise Software,https://www.linkedin.com/in/rabiezahri,Daniel
Anna Hardy,INNOVERA AI,Operations Manager,AI / Enterprise Software,https://www.linkedin.com/in/anna-hardy-00400789,Daniel
Chloé Swain,FutureTwin AI,Founder & CEO,AI / Enterprise Software,https://www.linkedin.com/in/chlo%C3%AB-swain,Daniel
Jason Mingho Kim,CapitalBridge AI,Co-Founder,AI / Enterprise Software,https://www.linkedin.com/in/jasonminghokim,Daniel
Andrew Burton,Pryon,Senior AI Product Manager,AI / Enterprise Software,https://www.linkedin.com/in/andrew-burton-a0075230,Daniel
Indrayudh Ghoshal,Scribble Data,Co-Founder & CEO,AI / Enterprise Software,https://www.linkedin.com/in/indrayudhghoshal,Daniel
Ian Eisenberg,Head of AI Governance Research,Credo AI,AI / Governance,https://www.linkedin.com/in/ian-eisenberg-aa17b594,Daniel
Renat Khairullin,Harri,AI Transformation Program Manager,AI / Hospitality Tech,https://www.linkedin.com/in/renat-khairullin,Daniel
Christian Bailey,Squawk AI,Co-Founder,AI / Media,https://www.linkedin.com/in/christianbailey,Daniel
Dave Edwards,Co-Founder,Artificiality Institute,AI / Research,https://www.linkedin.com/in/daveedwards2,Daniel
Mateo H. Petel,Google DeepMind,Research Fellow,AI / Research,https://www.linkedin.com/in/mateo-petel,Daniel
Katherine Zacarian,Co-Founder & CEO,Earth Species Project,AI / Research (biology),https://www.linkedin.com/in/katherine-zacarian,Daniel
Vlada Lotkina,SUPERAGENT,Founder & COO,AI / SaaS,https://www.linkedin.com/in/vlada-lotkina,Daniel
Emrah Yalaz,Olympos,Founder,AI / SaaS,https://www.linkedin.com/in/emrahyalaz,Daniel
Aleh Tsikhanau,Finderz AI,Chief Executive Officer,AI / SaaS,https://www.linkedin.com/in/ethnoza,Daniel
Erhan Ark,SignMetrix,Founder,AI / SaaS,https://www.linkedin.com/in/erhanark,Daniel
Salman Saghafi, PhD,Senior Principal Software Engineer,Mimic,AI / Software,https://www.linkedin.com/in/salman-saghafi-phd-99144762,Daniel
Saeid Ghafouri,Chief Revenue Officer,INNOVERA.AI,AI / Software,https://www.linkedin.com/in/saeid-ghafouri-57ai,Daniel
Deepak Mishra,Co-Founder,Stealth AI Startup,AI / Startup,https://www.linkedin.com/in/dmishra91,Daniel
Leanid Tsurankou,QIBUS,Founder & CEO,AI / Tech,https://www.linkedin.com/in/leanid,Daniel
Carla Alaimo Oliveira,Blort AI,Interaction Designer,AI / UX Design,https://www.linkedin.com/in/carlaalaimoo,Daniel
Adi Rubinovich,Self-employed,Early Stage Investor,Angel / Venture Capital,https://www.linkedin.com/in/adirubinovich,Daniel
Jeff Depew,Investor & Board President,Sand Hill Angels,Angel Investing,https://www.linkedin.com/in/jeff-depew-0173,Daniel
Marina Morgan,Director of Strategic Development,New York City Opera,Arts / Nonprofit,https://www.linkedin.com/in/marinamorgan-sf,Daniel
David M'Raihi, Ph.D.,CARIAD,Global VP, Chief Product Security Officer,Automotive / AI & Cybersecurity,https://www.linkedin.com/in/introuvable,Daniel
Eric Starks,Station Manager SFO,Virgin Atlantic Airways,Aviation,https://www.linkedin.com/in/eric-starks-bb558828,Daniel
Zeynep Birce Suzan,Turkish Airlines,Investment Management Director - Fleet Planning & Aircraft Acquisition,Aviation / Transportation,https://www.linkedin.com/in/zeynepbircesuzan,Daniel
Christian Cuenco,Bridge Bank,Relationship Manager,Banking,https://www.linkedin.com/in/christian-c-81a1b38,Daniel
Vipul Saini,HDFC Bank,Assistant VP (Startups),Banking,https://www.linkedin.com/in/vipulksaini,Daniel
Greg Cohn,Wells Fargo,Principal - Commercial Banking,Banking / Financial Services,https://www.linkedin.com/in/gregorycohn,Daniel
Sweta Sinha,JPMorgan Chase & Co.,Executive Director - Data Products Platform,Banking / Fintech,https://www.linkedin.com/in/swetasinha19,Daniel
Liam Fairbairn,Silicon Valley Bank,Director, SVB Startup Banking,Banking / Fintech,https://www.linkedin.com/in/liam-fairbairn-31b65,Daniel
Andy Tsao,Silicon Valley Bank,Managing Director, Founder/Head of Global Gateway,Banking / Fintech,https://www.linkedin.com/in/andyhtsao,Daniel
Sheng-Nan Zhao,Wells Fargo,Investor, Strategic Capital - Principal Technology Investments,Banking / Venture Investments,https://www.linkedin.com/in/snzbn,Daniel
Nikita Brodyagin,Korro Bio, Inc.,Head of Oligonucleotide Operations,Biotech / Life Sciences,https://www.linkedin.com/in/nikita-brodyagin-30aa1b103,Daniel
Kim Cope,VP Business Operations,Dapper Labs,Blockchain / Web3,https://www.linkedin.com/in/kimcope,Daniel
Mikael N. Hjorth,Electrification Hub,CEO & Founder,CleanTech / Energy,https://www.linkedin.com/in/mikaelnhjorth,Daniel
Rebecca Kaykas-Wolff,Founder,The Luminary Societies,Community / Social Impact,https://www.linkedin.com/in/rebeccakw,Daniel
Yar Doroshenko,HackathonSF,Co-Founder,Community / Tech Events,https://www.linkedin.com/in/ydoroshenko,Daniel
Ryo Tateishi,Director, Business Development,Mitsubishi Corporation (Americas),Conglomerate / Trade,https://www.linkedin.com/in/ryo-tateishi-08464612a,Daniel
Taihei Kawamoto,Senior Manager, Business Development,Mitsubishi Corporation (Americas),Conglomerate / Trade,https://www.linkedin.com/in/taihei-kawamoto-8573b699,Daniel
Yuji Doi,Kajima,Innovation Manager,Construction / Engineering,https://www.linkedin.com/in/yuji-doi-904569141,Daniel
Sang Yoon Choi,GS E&C,Director,Construction / Engineering,https://www.linkedin.com/in/sangyoon-choi,Daniel
Rick Hariman,Board Advisor / Consultant,RH Venture and Consulting,Consulting,https://www.linkedin.com/in/rick-hariman,Daniel
Sergio Cortina Rivera,Managing Partner,Vera Advisory,Consulting / Advisory,https://www.linkedin.com/in/sergio-cortina-rivera-6729122a,Daniel
Amarit Charoenphan,Asia Pillars,Advisor to CEO,Consulting / Advisory,https://www.linkedin.com/in/amaritcharoenphan,Daniel
Peter Mebert,Founder & CEO,MEBERT GROUP,Consulting / Business Services,https://www.linkedin.com/in/peter-mebert,Daniel
Tara Dowdell,19Y Advisors,Principal, Corporate VC, Innovation Incubation & Marketing,Consulting / Corporate VC,https://www.linkedin.com/in/taramdowdell,Daniel
Sanjay Sabnis,Consulting,Data Strategy and Technology Consulting,Consulting / Data & Technology,https://www.linkedin.com/in/sanjaysabnis,Daniel
Aleksandra Medvedeva,Project First LLC,Data Scientist,Consulting / Data Science,https://www.linkedin.com/in/aimedvedeva,Daniel
Tina Mulqueen,Burson,Senior VP, Digital Transformation,Consulting / Digital Strategy,https://www.linkedin.com/in/tina-mulqueen,Daniel
Richard Ginn,Costella Kirsch,Managing Director and CFO,Consulting / Finance,https://www.linkedin.com/in/richard-ginn-74039,Daniel
Mike Brubaker,Partner (Former PA Senator),Principled Strategies, LLC,Consulting / Government Relations,https://www.linkedin.com/in/brubakermike,Daniel
Oliver Baker,PM Reactor,Business Development Manager,Consulting / Innovation,https://www.linkedin.com/in/oliver-baker-math,Daniel
Jeff Wong,Global Chief Innovation Officer,EY,Consulting / Professional Services,https://www.linkedin.com/in/jeffwong-ey,Daniel
Beth Bauer,PosiROI, LLC,Founder & CEO,Consulting / ROI Analytics,https://www.linkedin.com/in/beth-bauer-loves-data-and-people,Daniel
LouAnn Conner,Founder & CEO,SagaciousThink, LLC,Consulting / Strategy,https://www.linkedin.com/in/louannconner,Daniel
Philip King,Starboard Strategic,Chief Operating Officer,Consulting / Strategy,https://www.linkedin.com/in/freekingphoto,Daniel
Robert (Bob) Gallagher,Deloitte Digital,Partner, Technology & Transformation, Deloitte SEA,Consulting / Technology,https://www.linkedin.com/in/bobgallagheruk,Daniel
Ray Anthony Almonares, PhD,Creagy,Principal Consultant,Consulting / Technology,https://www.linkedin.com/in/ray-anthony-almonares-phd-a9165334,Daniel
Prakash Agarwal,m2i International,President / CEO,Consulting / Training,https://www.linkedin.com/in/prakashagarwal94105,Daniel
Frode Odegard,Chairman & CEO,Post-Industrial Institute,Consulting, Coaching & Research,https://www.linkedin.com/in/odegard,Daniel
Tatyana Mamut, PhD,Co-Founder & CEO,Wayfound,Consulting, Coaching & Research,https://www.linkedin.com/in/tmamut,Daniel
Jay Bransfield,Executive Coach,Bransfield Associates,Consulting, Coaching & Research,https://www.linkedin.com/in/jaybransfield,Daniel
Yasiris Gomez,Oliver Rums,UX Specialist,Consumer Goods / Spirits,https://www.linkedin.com/in/yasirisgomez,Daniel
Gwen Salley,Founder,Montevia,Consumer Products,https://www.linkedin.com/in/gwensalley,Daniel
Rodrigo Ricaud,Chief Mosquito,Moskinto USA,Consumer Products / Healthcare,https://www.linkedin.com/in/rricaud,Daniel
Michael Waldman,Founder and CEO,BRAFIT ID, CORP.,Consumer Tech / Wearables,https://www.linkedin.com/in/michaelwaldman,Daniel
Supachai Kid Parchariyanon,RISE - Corporate Innovation Powerhouse,CEO & Co-Founder,Corporate Innovation / Consulting,https://www.linkedin.com/in/supachai,Daniel
Hersh Bhatt,Upwell LLC,Corporate Development,Corporate Services / Business Development,https://www.linkedin.com/in/hershbhatt,Daniel
John New,Work Merk,CEO & Founder,Corporate Training / L&D,https://www.linkedin.com/in/john-new-8104431,Daniel
Justin Ziebell,Indeed.com,Corporate Venture Capital,Corporate VC / Talent Tech,https://www.linkedin.com/in/justin-ziebell,Daniel
Alex Marquez,Experian,Global Head of Experian Ventures,Corporate Venture Capital / Fintech,https://www.linkedin.com/in/alexmarquez,Daniel
Vinod Joseph,Samsung Next,Investor,Corporate Venture Capital / Technology,https://www.linkedin.com/in/vinod-joseph-75938092,Daniel
Mike Morris,Inception Studio,Founder,Creative Studio / Innovation,https://www.linkedin.com/in/mikemorris7,Daniel
Frank Duff,Chief Innovation Officer,Tidal Cyber,Cybersecurity,https://www.linkedin.com/in/frank-duff-b713851b,Daniel
Dirk Hofmann,CEO (Germany), Co-Founder,DAIN Studios,Data / AI Consulting,https://www.linkedin.com/in/dihofmann,Daniel
Malcolm De Leo,GraphIQ,Co-Founder,Data / Analytics / AI,https://www.linkedin.com/in/mdeleo,Daniel
Olga Singh,Founder,REDESIGN,Design & Entrepreneurship,https://www.linkedin.com/in/05olga,Daniel
Tatiana Simonchik,Amazon,Finance Manager, IPAT COMPASS, Worldwide Amazon Stores controllership,E-commerce / Retail,https://www.linkedin.com/in/tatianasimonchik,Daniel
Cinthia Liu,Poshmark,Associate Director, Product-Led Retention,E-commerce / SaaS,https://www.linkedin.com/in/cinthia-liu-06544867,Daniel
Sam Chaudhary,Co-Founder & CEO,ClassDojo,EdTech,https://www.linkedin.com/in/samchaudhary,Daniel
Jun Liu,7EDU,Founder & CEO,EdTech,https://www.linkedin.com/in/7edu-junliu,Daniel
Xu (Sue),Co-Founder,AI Roboto Edu,EdTech / AI,https://www.linkedin.com/in/aire-xu,Daniel
Adele Smolansky,AI-Learners,Founder and CEO,EdTech / AI,https://www.linkedin.com/in/adelesmolansky,Daniel
Steve Shapiro,Finetune (A Prometric Company),CEO,EdTech / Assessment,https://www.linkedin.com/in/steveshapiro7,Daniel
Pablo Orduña,LabsLand,Co-founder, CEO, Principal Engineer,EdTech / Lab Simulation Software,https://www.linkedin.com/in/porduna,Daniel
Akbar Sayakov,Learn.xyz,Software Engineer,EdTech / Software,https://www.linkedin.com/in/akbarsayakov,Daniel
Michael Weisman,Elentra,Senior Director, Member Relations,EdTech / Software,https://www.linkedin.com/in/michaeljweisman,Daniel
Berkeley Gillentine,Senior Development Officer,Washington University in St. Louis,Education,https://www.linkedin.com/in/blgillentine,Daniel
Mengkoung Key,Product Management Student,HARBOUR.SPACE,Education,https://www.linkedin.com/in/mengkoung-key-234171197,Daniel
Saba Tolordava,Corporate Partnerships & Programs,HARBOUR.SPACE,Education,https://www.linkedin.com/in/sabatolordava,Daniel
Anders Parment,Ph. D.,Stockholm Business School,Education,https://www.linkedin.com/in/andersparment,Daniel
Pin Pin Tea-makorn,Sasin School of Management,AI Strategist,Education / AI,https://www.linkedin.com/in/pin-pin-tea-makorn,Daniel
Aung Kaung Pyae (Christian),United Board for Christian Higher Education in Asia,Educational Technology Officer,Education / EdTech,https://www.linkedin.com/in/aung-kaung-pyae,Daniel
Lina Romashkova,HARBOUR.SPACE,Academic Director,Education / EdTech,https://www.linkedin.com/in/lina-romashkova-37628643,Daniel
Mike Lepech,STVP - Stanford Engineering Entrepreneurship Center,Faculty Director,Education / Entrepreneurship,https://www.linkedin.com/in/mike-lepech-b6553b9,Daniel
Paul Meyers,Asia Founder Coaching,Head Coach,Education / Entrepreneurship,https://www.linkedin.com/in/paulmeyers,Daniel
Sep Riahi,Global Tinker,Executive Producer & CEO,Education / Media,https://www.linkedin.com/in/sepriahi,Daniel
Anastasiya Tyurina,Founder, CEO,Garage Tech Academy,Education / Startup,https://www.linkedin.com/in/anastasyatyurina,Daniel
Tom Everson,Educational Consultant,CodeLite,Education / Technology,https://www.linkedin.com/in/tomeverson-hs,Daniel
Dandan Wu,Founder,ChronoHer Academy,Education / Training,https://www.linkedin.com/in/dandanwuchina,Daniel
Bradley Loiselle,Founder & CEO,Skills Council of Canada Inc.,Education / Workforce Development,https://www.linkedin.com/in/bradley-l-2647001a,Daniel
Daniel Karlsson,CIO,Preem AB,Energy,https://www.linkedin.com/in/daniel-karlsson-b43546,Daniel
Alexei Beltyukov,Founder,Universal Fuel Technologies,Energy / Cleantech,https://www.linkedin.com/in/alexei-b-baa6672,Daniel
Nat Jitwarawong,B.Grimm,Assistant VP - Project & Business Development,Energy / Infrastructure,https://www.linkedin.com/in/nat-j-aa4bb649,Daniel
Vivek Chawla,Director,Weston Engg Fabricators Pvt Ltd,Engineering & Manufacturing,https://www.linkedin.com/in/vivekchawla,Daniel
Brandon Talebi,Hewlett Packard Enterprise,AI & GPU Sales Specialist,Enterprise Hardware / AI,https://www.linkedin.com/in/brandontalebi,Daniel
Scott Moyer,Hewlett Packard Enterprise,Business Development Manager - Nvidia Alliance Team,Enterprise Hardware / AI,https://www.linkedin.com/in/scott-moyer-56918a41,Daniel
Jim Myrick,VP Enterprise Sales,Bytez,Enterprise Software,https://www.linkedin.com/in/jim-myrick-19b162,Daniel
Ashley Tarver,Microsoft,Data & AI Cloud Evangelist,Enterprise Software / AI,https://www.linkedin.com/in/ashley-ai,Daniel
Tony Zirnoon, CISSP,Actian,Director of Channel & Strategic Partnerships,Enterprise Software / Data Management,https://www.linkedin.com/in/zirnoon,Daniel
Daniel Jung,TigerGraph,Chief Financial Officer,Enterprise Software / Graph Databases,https://www.linkedin.com/in/danieljung,Daniel
Massimo Malizia,Cisco,Director Corporate Development Integration,Enterprise Tech / Networking,https://www.linkedin.com/in/massimomalizia,Daniel
Patrick Borre,CEO,Billetto ApS,Events / Ticketing,https://www.linkedin.com/in/patrick-borre-625baa1,Daniel
Amber Allen,Founder & CEO,Double A Labs,Experiential Marketing / Media,https://www.linkedin.com/in/amberdallen,Daniel
Anton Holmberg,Robes Rental,Co-Founder & Head of Product,Fashion / Rental,https://www.linkedin.com/in/holmberga,Daniel
Andrew Komarovski,Mannequin Technologies,Co-Founder,Fashion Tech,https://www.linkedin.com/in/akomarovski,Daniel
Geoff Headington,Managing Director,HSBC Innovation Banking,Finance / Banking,https://www.linkedin.com/in/geoff-headington-467969,Daniel
Jeff Faust,Abbott, Stringham & Lynch,Principal, Valuation Services,Finance / Consulting,https://www.linkedin.com/in/jfaust1,Daniel
Shadaab Kanwal, MBA.MISM.,Managing Director Digital, Data and Analytics,Charles Schwab,Finance / Digital Transformation,https://www.linkedin.com/in/skanwal,Daniel
Sunayna Tuteja,Chief Innovation Officer,Federal Reserve System,Finance / Government,https://www.linkedin.com/in/sunaynatuteja,Daniel
Jonathan Doochin,Executive Chairman,Firefly Capital Management,Finance / Investment,https://www.linkedin.com/in/doochin,Daniel
Pavel Koktyshev,Member,The Financial Club,Finance / Investment,https://www.linkedin.com/in/pavel-koktyshev-ab792713,Daniel
David Santana,Fidelity Private Shares,VP, Business Partner Manager,Finance / Private Markets,https://www.linkedin.com/in/davidsantanamontanez,Daniel
Andrea Notari,Corporate Venture Capital & Open Innovation Manager,Credem Banca,Finance / Venture Capital,https://www.linkedin.com/in/andreanotari11,Daniel
Anu Datta,AssetMark,Talent Consultant,Financial Services / HR,https://www.linkedin.com/in/anudatta,Daniel
Shahzad Khan,Chief Strategy & Growth Officer,KEYNO,Fintech,https://www.linkedin.com/in/shahzad-khan-85a0945,Daniel
Anastasia Adizes,Innovator,Agatha Global Tech,Fintech / Insurance,https://www.linkedin.com/in/aadizes,Daniel
Mayank Gupta,CaseBasix,CEO,Fintech / LegalTech,https://www.linkedin.com/in/mayank-gupta-50a1ba9,Daniel
Anika Brain,CEO & CBDO, Co-Founder,PlaySEND.co,Fintech / Payments,https://www.linkedin.com/in/anikabrain,Daniel
Wesley Samples,Strategic Operations,Ordo,Fintech / SaaS,https://www.linkedin.com/in/wesleysamples,Daniel
Josh Steinfeld,Carta,Principal Product Strategist,Fintech / SaaS,https://www.linkedin.com/in/josh-steinfeld,Daniel
Michael Schrader, CFA,Board Observer,Kinder's Premium Quality Seasonings & Sauces,Food & Beverage,https://www.linkedin.com/in/schradermichael,Daniel
Anastasia Trofimova,Sundö Foods,CEO & Co-Founder,Food & Beverage,https://www.linkedin.com/in/anastasia-trofimova-67650940,Daniel
Victoria Bracha,VB Fine Chocolates,Founder & Professional Chocolatier,Food & Beverage,https://www.linkedin.com/in/victoria-bracha,Daniel
Pavel Volkov,Compass Group,-,Food & Beverage / Corporate,https://www.linkedin.com/in/paul-volk-pro,Daniel
Ezra Goldman,Upshift,Co-Founder & CEO,Gig Economy / Workforce Platform,https://www.linkedin.com/in/ezrajgoldman,Daniel
Shilpa S Nath,IMDA,Community & Communications Lead, AI verify foundation,Government / AI Policy,https://www.linkedin.com/in/shilpasn,Daniel
Fredrik Weisner,Vinnova,Strategic Area Leader, Digital Transformation,Government / Innovation,https://www.linkedin.com/in/fredrikweisner,Daniel
Majid Samman,Strategic Partnerships Director,Ministry of Communications & IT (Saudi Arabia),Government / Technology,https://www.linkedin.com/in/majidsamman,Daniel
Genta Ando,Executive Director,JETRO - Japan External Trade Organization,Government & International Trade,https://www.linkedin.com/in/genta-ando-22332627,Daniel
Sanid Patil,Sr. AVP & Sector Lead,Invest India,Government & International Trade,https://www.linkedin.com/in/sanid-patil-9b141732,Daniel
Michal Tavrovsky,Co-Founder & Chief Commercial Officer,MenHealth,Health & Wellness,https://www.linkedin.com/in/michaltavrovsky,Daniel
David Kaiser,Founder and CEO,Scienza Health,Health & Wellness,https://www.linkedin.com/in/davidkaiser369,Daniel
Hanna Aliashkevich, MD,PigPug Health,Co-Founder,Health Tech,https://www.linkedin.com/in/neurannette,Daniel
Karim Damji,Executive Board Member,Spectrum Clinical Research,Healthcare & Clinical Research,https://www.linkedin.com/in/karimdamji,Daniel
Allan Gobbs,CEO & Chairman, Investor,YCare,Healthcare & Clinical Research,https://www.linkedin.com/in/gobbs,Daniel
George Kalogeropoulos,HealthSherpa,CEO,HealthTech / Insurance,https://www.linkedin.com/in/georgekalogeropoulos,Daniel
Jeevan J. Singh,PocketMD,Founder & CEO,HealthTech / SaaS,https://www.linkedin.com/in/jeevan-j-singh-87a81725,Daniel
Beth Doores,Director for Alumni Networks,Washington University in St. Louis,Higher Education,https://www.linkedin.com/in/bethdoores,Daniel
Ben Nelson,Minerva University,Founder & Chancellor,Higher Education,https://www.linkedin.com/in/bennelson3,Daniel
Ivan Bilugan,HARBOUR.SPACE,Campus Manager,Higher Education,https://www.linkedin.com/in/ivanbilugan,Daniel
Aye Myat Thiri Aung (Amandaa),HARBOUR.SPACE,Academic Coordinator,Higher Education,https://www.linkedin.com/in/ayemyatthiriaung,Daniel
II Luscri,AVP Innovation & Entrepreneurship; Professor,Washington University in St. Louis,Higher Education / Entrepreneurship,https://www.linkedin.com/in/luscri,Daniel
Chaymaa Rhassate,HARBOUR.SPACE,Head of Marketing and Admissions,Higher Education / Marketing,https://www.linkedin.com/in/chaymaa-rhassate,Daniel
Irina Luzko,Project Manager,WeCP (We Create Problems),HR Tech / Assessments,https://www.linkedin.com/in/irina-luzko,Daniel
Buda Yao,Interim Director of Sales,Justworks,HR Tech / SaaS,https://www.linkedin.com/in/budayao,Daniel
Anastasia Totok,Humantica,Founder,HR Tech / SaaS,https://www.linkedin.com/in/anastasiatotok,Daniel
Jason Diehl,TriNet,Technology Business Consultant,HR Tech / SaaS,https://www.linkedin.com/in/jason-diehl-36383388,Daniel
Mikhail Kolesnikov,CloViC (Cloud Virtual Commissioning),Business Developer,Industrial Automation / SaaS,https://www.linkedin.com/in/mikolesnikov,Daniel
Malur Narayan,XTRIUM,CEO & Co-Founder,Industrial Tech / AI,https://www.linkedin.com/in/malur,Daniel
Sirisha Kuchimanchi,XTRIUM,COO & Co-Founder,Industrial Tech / AI,https://www.linkedin.com/in/sirishakuchimanchi,Daniel
Henrik Jensen,HARTING,Managing Director,Industrial Tech / Manufacturing,https://www.linkedin.com/in/henrik-jensen-240a392,Daniel
Happy Saini,Terramont Infrastructure Partners,Infrastructure - Investment Associate,Infrastructure / Private Equity,https://www.linkedin.com/in/happy-saini,Daniel
Lena Miranda,Linköping Science Park,CEO,Innovation / Startup Ecosystem,https://www.linkedin.com/in/lenamiranda,Daniel
Fyodor Ovchinnikov,Evolutionary Futures Lab,Co-Founder & Director,Innovation / Tech R&D,https://www.linkedin.com/in/fovchinnikov,Daniel
Tommaso Scotti,ELIS Innovation Hub,Innovation Consultant,Innovation Consulting,https://www.linkedin.com/in/scottitommaso,Daniel
Turki Fageera,SIGMA Innovation Engine,Founder & CEO,Innovation Consulting,https://www.linkedin.com/in/tfageera,Daniel
Peter Russell,Kindling,Founder & CEO,Innovation Management Software,https://www.linkedin.com/in/peter-russell-kindling,Daniel
Alfio Villani,Gruppo Unipol,Program Mgmt & Business Innovation Manager (#BeyondInsurance),Insurance / Financial Services,https://www.linkedin.com/in/alfiovillani,Daniel
Luka Prelevic,International Growth,Hellas Direct,Insurtech,https://www.linkedin.com/in/lukaprelevic,Daniel
Suraj Mehta,Investor,Claimable,Insurtech / Investment,https://www.linkedin.com/in/smehta87,Daniel
Dipshant Paudel,Business Development Officer,Oriental Overseas Pvt Ltd,International Trade,https://www.linkedin.com/in/dipshant-paudel-b04651245,Daniel
Johan Schiller,Investment Committee Member,Salica Investments,Investment / Private Equity,https://www.linkedin.com/in/johan-schiller-542748120,Daniel
Abhishek Raju,DI - Invest Holding GmbH,Director,Investment / Private Equity,https://www.linkedin.com/in/abhishekraju,Daniel
Ilia Mikerov,PSP Investments,Senior Portfolio Manager, International Equities,Investment Management / Finance,https://www.linkedin.com/in/iliamikerov,Daniel
Varun Gupta,Founding Partner,Varun Gupta Law,Legal,https://www.linkedin.com/in/varun-gupta-0215468,Daniel
Tod Kupstas,Principal, Intellectual Property Attorney,Offit Kurman, P.A.,Legal / IP,https://www.linkedin.com/in/tod-kupstas-892547b,Daniel
Andrew Harper,Partner,Goodwin,Legal / Law,https://www.linkedin.com/in/andrew-harper-541b9a25,Daniel
Roger Rappoport,Snell & Wilmer,Partner,Legal / Law,https://www.linkedin.com/in/rogerrappoport,Daniel
Paul M. Russo, PhD,CEO & Founder,K2X Technology & Life Science,Life Sciences / Tech,https://www.linkedin.com/in/paul-m-russo-phd-106a416,Daniel
Daniel Dubois,Co-Founder,Handled,Logistics / Marketplace,https://www.linkedin.com/in/danielmdubois,Daniel
Anthony Gonzalez,Handoff,Founder,Logistics / SaaS,https://www.linkedin.com/in/scalewithtony,Daniel
Oleksandr Popovych, MD/MBA,CEO/Founder,Vista Trans Holding,Logistics / Transportation,https://www.linkedin.com/in/opopovych,Daniel
Nikita Kokorev,Huber Packaging Group,Key Account Manager,Manufacturing / Packaging,https://www.linkedin.com/in/nikita-kokorev-7531158,Daniel
Mike Carter,EMG Worldwide, Inc.,Founder & CEO,Marketing / Advertising,https://www.linkedin.com/in/mmcarter,Daniel
Mehul Bhagat,Founder,Elea Collective,Marketing / Consulting,https://www.linkedin.com/in/mehulbhagat,Daniel
Diwanshu Dave,dragdropdo,Digital Marketing Intern,Marketing / Digital Agency,https://www.linkedin.com/in/diwanshugautam,Daniel
Daniil Cherpakov,x2.agency,Director of Business Development,Marketing / Digital Agency,https://www.linkedin.com/in/dcharpaks,Daniel
Irina Chus,Freelance,Marketing Specialist,Marketing / Freelance,https://www.linkedin.com/in/irinachus,Daniel
Hesam Jafari,Buzzable,Founder,Marketing / SaaS,https://www.linkedin.com/in/hesamsmiles,Daniel
Shanker Damodaran,Mongiello Associates,CEO Editorial Director-Presidential Magazine, Partner,Marketing / Strategic Communications,https://www.linkedin.com/in/shanker-damodaran-295505209,Daniel
Justin T.,Managing Director (US office),Media Console Co., Ltd.,Media,https://www.linkedin.com/in/justin-t-941401311,Daniel
Taha Ahmed,Forbes,Senior VP Corporate Development, Strategy & Consumer Growth,Media / Corporate Strategy,https://www.linkedin.com/in/tahaahmedforbes,Daniel
Tae Lee,Advisor/Director, Co-founder,El Fuego,Media / Creative Tech,https://www.linkedin.com/in/elfuego,Daniel
David Stevens,Broaden Media,Interim CEO,Media / Digital,https://www.linkedin.com/in/david-s-a83314b,Daniel
Maya Labban,Arab Film and Media Institute,Managing Director,Media / Film,https://www.linkedin.com/in/mayalabban,Daniel
Maria Porokh,First Approval,Managing Editor,Media / Publishing,https://www.linkedin.com/in/maria-porokh,Daniel
Rostam Zafari,CEO,World Within,Media / Social Impact,https://www.linkedin.com/in/rostam-zafari-46b140289,Daniel
Mik Seliverstov,TunePocket,Founder & Managing Director,Music / SaaS,https://www.linkedin.com/in/miks,Daniel
Fady Khalil Jacob,ZPE Systems,Sales Engineer,Networking / IT Infrastructure,https://www.linkedin.com/in/fadykhalil,Daniel
Brad Garsten,Quanta Networks, LLC,CEO / Managing Director, Partnerships / Technology Advocate,Networking / Technology,https://www.linkedin.com/in/bradgarsten,Daniel
Simon Ho,Not-For-Profit Founder,Blosm,Non-Profit,https://www.linkedin.com/in/simonho888,Daniel
Loren Cardeli,Executive Director & Co-Founder,A Growing Culture,Nonprofit / Agriculture,https://www.linkedin.com/in/loren-cardeli-5754b828,Daniel
Aaron Sherinian,The Church of Jesus Christ of Latter-day Saints,Managing Director, Church Communication Department,Nonprofit / Communications,https://www.linkedin.com/in/asherinian,Daniel
Anna Deych,Tukku Magi,Director,Nonprofit / Community,https://www.linkedin.com/in/annadeych,Daniel
Maria Pokrovskaya,Global Talents Foundation,Founding Director,Nonprofit / Education,https://www.linkedin.com/in/mariapokrovskaya,Daniel
Katie Kupstas,Innovators Club for Women,Founder (Cocktails & Capital, Innovators Club for Women 501c3),Nonprofit / Entrepreneurship,https://www.linkedin.com/in/katie-kupstas-7622a943,Daniel
Benjamin Galazzo,Global Shapers Community,Alumnus & Entrepreneurship Mentor,Nonprofit / Entrepreneurship,https://www.linkedin.com/in/benjamin-galazzo-3993b012,Daniel
Rajnesh (Raj) Singh,APNIC Foundation,Chief Executive Officer,Nonprofit / Internet Governance,https://www.linkedin.com/in/rajneshsingh,Daniel
Chad Bel.,Founder,AtypicalPath.org (in development),Nonprofit / Social Impact,https://www.linkedin.com/in/chad-bel,Daniel
Fatima Ahaieva,2hearts,Community Member,Nonprofit / Social Impact,https://www.linkedin.com/in/fatima-ahaieva,Daniel
Faustino John Henry Lim,International Care Ministries,Senior Consultant,Nonprofit / Social Impact,https://www.linkedin.com/in/faustino-john-henry-lim,Daniel
Brooke Roner Zaugg,Radiant Foundation,Executive Director,Nonprofit / Social Impact,https://www.linkedin.com/in/brooke-roner-zaugg,Daniel
Audrey Russo,Pittsburgh Technology Council,President & CEO,Nonprofit / Tech Advocacy,https://www.linkedin.com/in/audreyrusso,Daniel
Marie Pelloni,Pittsburgh Technology Council,Director, Talent Attraction & STEM Development,Nonprofit / Tech Advocacy,https://www.linkedin.com/in/marie-pelloni-8820b050,Daniel
Alessandro Leonardi,Poste Italiane,Head of CO Innovation,Postal / Logistics,https://www.linkedin.com/in/alessandroleonardi,Daniel
Amanda Fraerman,EY,Senior Manager,Professional Services / Consulting,https://www.linkedin.com/in/amanda-fraerman-a3abb116,Daniel
Christopher Caen,Chief Executive Officer,Mill Pond Research,Research & Consulting,https://www.linkedin.com/in/christophercaen,Daniel
Cici Chen,Walmart,Senior Manager II, Global eCommerce,Retail / eCommerce,https://www.linkedin.com/in/cici9517,Daniel
Tamino Lokenberg,Jim Thompson,Part Owner,Retail / Fashion,https://www.linkedin.com/in/tamino-lokenberg-086699249,Daniel
Anier Velasco Sotomayor,Manychat,AI Engineer,SaaS / AI,https://www.linkedin.com/in/aniervs,Daniel
André Segovia,Buyerlink,Head of Product & AI,SaaS / AI,https://www.linkedin.com/in/andresegovia,Daniel
Veronika Kacha,Self-employed,Consultant – SaaS Sales, GTM Strategy & Partnerships, AI Avatars,SaaS / AI Consulting,https://www.linkedin.com/in/veronika-k-221862111,Daniel
Cedric Spothelfer,ConCntric,Product Manager,SaaS / Collaboration,https://www.linkedin.com/in/cedric-spothelfer,Daniel
Nate MacLeitch,QuickBlox,CEO,SaaS / Communications Platform,https://www.linkedin.com/in/nate-macleitch,Daniel
Guan Wang,Airtable,VP, Data,SaaS / Enterprise Software,https://www.linkedin.com/in/guan1wang,Daniel
Crystal (Yixuan) Li,IntelliPro,Analyst II Manager,SaaS / Enterprise Software,https://www.linkedin.com/in/crystal-yixuan-li-6a269b1a8,Daniel
Darwin Tu,Bon,Co-Founder,SaaS / Enterprise Software,https://www.linkedin.com/in/darwintu,Daniel
Stan Zmachynski,Informed.IQ,VP Finance,SaaS / Enterprise Software,https://www.linkedin.com/in/stanzmachynski,Daniel
Manasij Ganguli,ZapScale,Co-Founder & CEO,SaaS / Enterprise Software,https://www.linkedin.com/in/mganguli,Daniel
Bill Barry,IgniteGTM,Chief Executive Officer,SaaS / Marketing Technology,https://www.linkedin.com/in/billnbarry,Daniel
Siqi Lin,Instabug,Director, Demand Generation,SaaS / Mobile Tools,https://www.linkedin.com/in/siqilin,Daniel
Alex Leschinsky,effectiff,Founder and CEO,SaaS / Productivity,https://www.linkedin.com/in/alex-leschinsky,Daniel
Ksenia Isakova,Glide HQ,Co-Founder,SaaS / Productivity Tools,https://www.linkedin.com/in/ksenia-isakova,Daniel
Nick Velkovski,HeyReach,Co-Founder & CEO,SaaS / Sales Tech,https://www.linkedin.com/in/nikolavelkovski,Daniel
André Srinivasan,Tines,Principal Partner Solutions Engineer,SaaS / Security / Automation,https://www.linkedin.com/in/andresrinivasan,Daniel
Mikita Mikado,SE Ranking,Board Member,SaaS / SEO / Marketing Technology,https://www.linkedin.com/in/mikitamikado,Daniel
Anastasia Kalinkina,Sizl,Founder and COO,SaaS / Social Media,https://www.linkedin.com/in/akalinkina,Daniel
Sydney Levin,micro1,Head of Partnerships,SaaS / Technology,https://www.linkedin.com/in/sydney-levin,Daniel
Aftab Farooqi, Ph.D., MBA,ChipHub,Founder and CEO,Semiconductor / Tech,https://www.linkedin.com/in/aftab-farooqi-ph-d-mba-3038199,Daniel
Jon Seneger,Arm,Director, Product Management – Digital Twins,Semiconductor / Technology,https://www.linkedin.com/in/jonseneger,Daniel
Andrea Wester,Stena Bulk,Digital Transformation,Shipping / Logistics / Digital Innovation,https://www.linkedin.com/in/andrea-wester-b232a1194,Daniel
Fiona Macintyre,Founder & CEO,Forming Impact,Social Impact / Innovation,https://www.linkedin.com/in/fionamacintyre,Daniel
Louisa Li,Shanti House,Founder,Social Impact / Nonprofit,https://www.linkedin.com/in/louisalinyc,Daniel
Lucio Machetti,CIO,Terranova Software,Software,https://www.linkedin.com/in/lucio-machetti,Daniel
Jostein Aksnes,Seven Peaks Software,CEO & Co-Founder,Software / Enterprise SaaS,https://www.linkedin.com/in/josteina,Daniel
Teo Corriente Prieto,Head of Business Development,VLP Sports,Sports,https://www.linkedin.com/in/teo-corriente-prieto-a36649270,Daniel
Danielle Capalino,Co-Founder,Neta,Startup / Consumer Health,https://www.linkedin.com/in/danielle-flug-capalino,Daniel
Galanafai Windross,Co-Founder,Stealth Startup,Startup / Technology,https://www.linkedin.com/in/galanafai-windross-844247123,Daniel
Ulysses David,Founder & CEO,Starplot,Startup / Technology,https://www.linkedin.com/in/ulyssesdavid,Daniel
Jackson Figueiró,Stealth,Co-Founder & CRO,Stealth Startup,https://www.linkedin.com/in/jackson-figueiro,Daniel
Cian Duggan,Founder & CEO,Audr,Sustainability / Tech,https://www.linkedin.com/in/cian-duggan-2a671110,Daniel
Louis Hart-Davis,Co-Founder & CEO,Stratolia,Technology / Consulting,https://www.linkedin.com/in/louis-hart-davis,Daniel
Nate Berent-Spillson,SVP of Engineering,Launch by NTT DATA,Technology / Consulting,https://www.linkedin.com/in/natespillson,Daniel
Amanda Way,LSI,Global Program Director,Technology / Corporate Programs,https://www.linkedin.com/in/amandasway,Daniel
Demy Tang,Frore Systems,VP of Finance,Technology / Finance,https://www.linkedin.com/in/demy-tang,Daniel
Alexa Sinyachova,Moeco,Chief Executive Officer,Technology / IoT,https://www.linkedin.com/in/alexasinyachova,Daniel
JP Palacio,Kromeon,Chief Executive Officer,Technology / Media,https://www.linkedin.com/in/appdesign,Daniel
Alexander Gorlov,KickNote,Founder,Technology / Media,https://www.linkedin.com/in/alexandergorlov,Daniel
David Brun,Impulz,Co-Founder,Technology / Media,https://www.linkedin.com/in/dabrun,Daniel
Francisco Marin,Network-First Manifesto,Founding Member,Technology / Networking,https://www.linkedin.com/in/franciscomarinruz,Daniel
Stephane Louvrier,Chief Revenue & Strategy Officer,OKOSIX,Technology / SaaS,https://www.linkedin.com/in/stephanelouvrier,Daniel
Vienna Mott,Poliquicks,Chief Executive Officer,Technology / SaaS,https://www.linkedin.com/in/vienna-mott-502592100,Daniel
Eva Pope,Microsoft,Software Engineer,Technology / Software,https://www.linkedin.com/in/evapope,Daniel
Sergii Gorpynich,Star,Co-Founder and CTO,Technology / Software,https://www.linkedin.com/in/sergiigorpynich,Daniel
Robert Borges,Co-Founder / CEO,Stealth,Technology / Startup,https://www.linkedin.com/in/robertborges,Daniel
Alex Tatarinov,Stealth Startup,CEO,Technology / Startup,https://www.linkedin.com/in/tatarinov-alx,Daniel
Chandana M,Founder & CEO,Find Collab,Technology, AI & SaaS,https://www.linkedin.com/in/chandana-mandal,Daniel
Michael Dansey,Co-Founder,Talo AI,Technology, AI & SaaS,https://www.linkedin.com/in/michaeldansey,Daniel
Kevin Muto,Founder,TrueName,Technology, AI & SaaS,https://www.linkedin.com/in/kevin-muto,Daniel
Olivia Otsuki,Senior Instructional Designer,Apple,Technology, AI & SaaS,https://www.linkedin.com/in/oliviaotsuki,Daniel
Kirill Osipenko,Product Manager,Google,Technology, AI & SaaS,https://www.linkedin.com/in/kirill-osipenko,Daniel
Cameron Goldberg,GTM Engineer,Clay,Technology, AI & SaaS,https://www.linkedin.com/in/goldbergcameron,Daniel
Carlton Lindsay,Design Engineer,Futurity Systems,Technology, AI & SaaS,https://www.linkedin.com/in/carltonl,Daniel
Donggeun Chung,Product Manager,Leagues of Code,Technology, AI & SaaS,https://www.linkedin.com/in/donggeunchung,Daniel
Dmytro Shkabura,Software Engineer,INNOVERA.AI,Technology, AI & SaaS,https://www.linkedin.com/in/shkaburad,Daniel
Max Kitaygora,Advisor, Engineering and GTM,Valence AI,Technology, AI & SaaS,https://www.linkedin.com/in/max-kitaygora,Daniel
Mark Schulze,Chief Revenue Officer (CRO),Confidence Systems,Technology, AI & SaaS,https://www.linkedin.com/in/markschulze,Daniel
Darián López Utra,Full Stack Engineer,INNOVERA.AI,Technology, AI & SaaS,https://www.linkedin.com/in/darian-lopez-utra,Daniel
Salil Punalekar,Co-Founder,Stealth AI Startup,Technology, AI & SaaS,https://www.linkedin.com/in/salil-punalekar,Daniel
Rahul Tripathi,GVP and GM, ITSM BU,ServiceNow,Technology, AI & SaaS,https://www.linkedin.com/in/rahulintro,Daniel
Brandi Hardman,Director of Strategic Partnerships,Akkadian Labs,Technology, AI & SaaS,https://www.linkedin.com/in/brandi-mauricio,Daniel
Paul Marca,Advisor,Mentor126.ai,Technology, AI & SaaS,https://www.linkedin.com/in/paulmarca,Daniel
Michael Jeter,Director, Google Cloud Enterprise,Google,Technology, AI & SaaS,https://www.linkedin.com/in/michaelbjeter,Daniel
Frederieke Vroom,Global Partner Manager,Scrive,Technology, AI & SaaS,https://www.linkedin.com/in/frederieke-vroom-982b8a33,Daniel
Ken Morris,Managing Partner & CEO,Chordify, Inc.,Technology, AI & SaaS,https://www.linkedin.com/in/kenmorris,Daniel
Dušan Vuksanovic,CEO & Head of Swisscom Outpost,Swisscom Outpost Silicon Valley,Telecom / Corporate Innovation,https://www.linkedin.com/in/dusanvuksanovic,Daniel
Itamar Kunik,Founder & CEO,Monogoto,Telecom / IoT,https://www.linkedin.com/in/itamar-kunik,Daniel
Miri Keren,Business Development & Partnerships Senior Manager,Deutsche Telekom,Telecom / Technology,https://www.linkedin.com/in/miri-keren-8672722a,Daniel
Mallik Tatipamula,CTO, Ericsson Silicon Valley,Ericsson,Telecommunications,https://www.linkedin.com/in/mallik-tatipamula-7508113,Daniel
Sergey Plykin,Ooredoo Algerie,Chief Strategy Officer,Telecommunications,https://www.linkedin.com/in/sergeyplykin,Daniel
Lih Ren How,DTAC,Chief Marketing Officer,Telecommunications,https://www.linkedin.com/in/lihren,Daniel
Giorgi Gabinashvili,Silknet,Digital Marketing Intern,Telecommunications / Marketing,https://www.linkedin.com/in/giorgi-gabinashvili-gg,Daniel
Dimitriy Wolf,Dmitriy Wolf’s Center for Soft Skills Development,Founder,Training / Professional Development,https://www.linkedin.com/in/dimitriy-wolf,Daniel
Jachym Thor,TransPerfect,AM & BD Intern,Translation / Localization,https://www.linkedin.com/in/jachym-thor,Daniel
Larry King,Assistant Vice President,Enterprise Mobility,Transportation,https://www.linkedin.com/in/larry-king-453b7314,Daniel
Xinge Zhang,Iteris, Inc.,Sr. Signal Optimization Engineer,Transportation / Smart Infrastructure,https://www.linkedin.com/in/xinge-zhang-b26a4521a,Daniel
Nurken Rzaliyev,inDrive,Investment Director - Asia, Middle East & North Africa,Transportation / Venture Capital,https://www.linkedin.com/in/nurken-rzaliyev-39463233,Daniel
Mathieu Gillet,CitizenPlane,Head of Staff,Travel / SaaS,https://www.linkedin.com/in/gilletmathieu,Daniel
Shoba Viswanath,Plug and Play Tech Center,Mentor & Advisor to Startups,VC / Accelerator,https://www.linkedin.com/in/shoba-viswanath-ab5a8827,Daniel
Denis Shafranik,Co-Founder,Concentric,Venture Capital,https://www.linkedin.com/in/denisshafranik,Daniel
Dave Sorbara,Co-Founder,Reverb Venture Partners,Venture Capital,https://www.linkedin.com/in/dave-sorbara-84272b4,Daniel
Hanhan H,Managing Partner,Alpine Brook Capital,Venture Capital,https://www.linkedin.com/in/hanhan-h-35545a15,Daniel
Melissa Pegus,Partner,UpVentures Capital,Venture Capital,https://www.linkedin.com/in/melissapegus,Daniel
Andrea Barrica,Managing Partner,Mahway,Venture Capital,https://www.linkedin.com/in/abarrica,Daniel
Owen Willis,Founder & General Partner,Opal Ventures,Venture Capital,https://www.linkedin.com/in/johnowenwillis,Daniel
Joaquim Costa,Founder,Battlefield Capital,Venture Capital,https://www.linkedin.com/in/watcherjoaquim,Daniel
Eric Osiakwan,Managing Partner,Chanzo Capital,Venture Capital,https://www.linkedin.com/in/ericosiakwan,Daniel
Sergey Khusnetdinov,Managing Director,Ga^3in Ventures,Venture Capital,https://www.linkedin.com/in/husnetdinov,Daniel
AJ Thomas,Good Trouble Ventures,Founder & General Partner,Venture Capital,https://www.linkedin.com/in/chaospilot,Daniel
Chen Geng He,Dayone Capital,Co-Founder & Managing Partner,Venture Capital,https://www.linkedin.com/in/cghe,Daniel
Max Bukow,OM Impact Fund,Associate, Venture Capital Intern,Venture Capital,https://www.linkedin.com/in/maxbukow,Daniel
Sue Xu,Amino Capital,Managing Partner,Venture Capital,https://www.linkedin.com/in/suexu,Daniel
Ray Taylor,Carat Venture Partners,Managing Partner,Venture Capital,https://www.linkedin.com/in/wirelesshead,Daniel
Shin Chen,E14 Fund,Investor,Venture Capital,https://www.linkedin.com/in/ishinchen,Daniel
Jukka Alanen,Rebellion Ventures,Founder & Managing Partner,Venture Capital,https://www.linkedin.com/in/jukkaalanen,Daniel
Jean-Philippe ‘JP’ Persico,shuckerVC,Co-Founder and Managing Partner,Venture Capital,https://www.linkedin.com/in/jppersico,Daniel
Natalia Burina,Storm Ventures,Venture Partner,Venture Capital,https://www.linkedin.com/in/nataliaburina,Daniel
Olga Sokurova,Vibranium Venture Capital,Chief Operating Officer,Venture Capital,https://www.linkedin.com/in/olga-sokurova-0496836,Daniel
Eugene Malobrodsky,One Way Ventures,Managing Partner,Venture Capital,https://www.linkedin.com/in/afeugene,Daniel
Alex Freed,Wilya,Board Observer,Venture Capital / Advisory,https://www.linkedin.com/in/alexeyfreed,Daniel
Alex Mermod,Krexin,Advisor,Venture Capital / Advisory,https://www.linkedin.com/in/alexmermod,Daniel
James Cape,The Fusion Syndicate,Strategic Advisor / Board Member,Venture Capital / Advisory,https://www.linkedin.com/in/james-cape-692110,Daniel
Michael Schreibmann,Friday PM,Board Member,Venture Capital / Advisory,https://www.linkedin.com/in/mschreibmann,Daniel
Shariha Khanam Khalid,Mission & Co,Founding Partner,Venture Capital / Advisory,https://www.linkedin.com/in/shariha-khanam-khalid-848b5816,Daniel
Piyush Malik,PiyushVentures,Founder,Venture Capital / Angel Investing,https://www.linkedin.com/in/malikpiyush,Daniel
Mitchell Weinstock,HP Tech Ventures,Venture Partner,Venture Capital / Corporate VC,https://www.linkedin.com/in/mitchellweinstock,Daniel
Halyna Vasylevska,Sector Lead - Cybersecurity Portfolio Development,Munich Re Ventures,Venture Capital / Cybersecurity,https://www.linkedin.com/in/halynavasylevska,Daniel
Tomás Rauch,Investment Professional,TechEnergy Ventures,Venture Capital / Energy,https://www.linkedin.com/in/rauchtomas,Daniel
Viktoriia Stepanenko,Network VC,Partner Relations / Event Director,Venture Capital / Event Management,https://www.linkedin.com/in/versilus,Daniel
Ye Wang,SAIC Capital,Principal - Mobility, Deep Tech, Climate Tech,Venture Capital / Mobility / ClimateTech,https://www.linkedin.com/in/ye-wang-95653137,Daniel
Daniel Ma,Trimer Capital,Partner,Venture Capital / Private Equity,https://www.linkedin.com/in/ma-daniel,Daniel
Zoe van den Bol,Alpha Partners,Investor,Venture Capital / Private Equity,https://www.linkedin.com/in/zoevandenbol,Daniel
David Golden,Revolution,Partner,Venture Capital / Private Equity,https://www.linkedin.com/in/david-golden-128b2020,Daniel
Tina Watters,Private Equity,Investment Manager,Venture Capital / Private Equity,https://www.linkedin.com/in/tinawatters,Daniel
Paul Ratner,Marble Bridge Funding Group,Vice President of Sales,Venture Capital / Private Equity,https://www.linkedin.com/in/paratner,Daniel
Vagan Kazaryan,Glocal.Capital,Founder,Venture Capital / Private Equity,https://www.linkedin.com/in/vagan-kazaryan-a42a0330,Daniel
Firth Griffith,MissionBlue Capital,Managing Partner,Venture Capital / Private Equity,https://www.linkedin.com/in/firth-griffith,Daniel
Jason Miles, CAIA,Amenti Capital Partners,Managing Partner,Venture Capital / Private Equity,https://www.linkedin.com/in/jprmiles,Daniel
Theresa Yu,Global Bridge Capital,Managing Director,Venture Capital / Private Equity,https://www.linkedin.com/in/theresa-yu-72960a,Daniel
Serhat Pala,NuFund Venture Group,President,Venture Capital / Private Equity,https://www.linkedin.com/in/serhatpala,Daniel
Robert Marcus,ALPHA10X,CEO,Venture Capital / Private Equity,https://www.linkedin.com/in/rhmarcus,Daniel
Megan Thorp, MBA,IEQ Capital,Senior Director,Venture Capital / Private Equity,https://www.linkedin.com/in/megan-thorp,Daniel
Josh Broward,Wisdom Partners,CEO and Co-Founder,Venture Capital / Private Equity,https://www.linkedin.com/in/joshbroward,Daniel
Justin Zeefe,Green Flag Ventures,Founding Partner,Venture Capital / Private Equity,https://www.linkedin.com/in/zeefe,Daniel
Mark Pavlyukovskyy,NZVC,Partner,Venture Capital / Private Equity,https://www.linkedin.com/in/pavlyukovskyy,Daniel
Ti Zhao,Pack Ventures,Partner,Venture Capital / Private Equity,https://www.linkedin.com/in/tizhao,Daniel
Hermann Schindler, Ph.D.,Scalator Ventures Inc.,CEO,Venture Capital / Private Equity,https://www.linkedin.com/in/hermann-schindler,Daniel
Mohanjit Jolly,Iron Pillar,Partner,Venture Capital / Private Equity,https://www.linkedin.com/in/mjolly,Daniel
Daria Kuk,The Ventures,Founder,Venture Capital / Startup Studio,https://www.linkedin.com/in/dariakuk,Daniel
Nikhil Sinha,OneValley,CEO,Venture Capital / Technology,https://www.linkedin.com/in/nikhilsinha,Daniel
Pasquale Zaccarella,Shareholder,Eden Venture,Venture Capital, Finance & Investment,https://www.linkedin.com/in/pasquale-zaccarella-zac,Daniel
Irakli Kashibadze,Managing Partner,Future Laboratory Ventures,Venture Capital, Finance & Investment,https://www.linkedin.com/in/irakli-kashibadze-573a1313,Daniel
Sitesh Shrivastava,Co-Founder,Offbeat Capital,Venture Capital, Finance & Investment,https://www.linkedin.com/in/siteshshrivastava,Daniel
Max Morgunov CFA,Chief Investment Officer,Oceanic Partners,Venture Capital, Finance & Investment,https://www.linkedin.com/in/max-morgunov-cfa-699746,Daniel
Aliaksandr Sasha Hudzilin,Angel Investor,(Self-employed),Venture Capital, Finance & Investment,https://www.linkedin.com/in/aliaksandrhudzilin,Daniel
Joe (Zhou) Sha,Angel Investor and Advisor,(Self-employed),Venture Capital, Finance & Investment,https://www.linkedin.com/in/joesha,Daniel
Alexey Dubov,Founding Partner,BuildTech VC,Venture Capital, Finance & Investment,https://www.linkedin.com/in/alekseydubov,Daniel
Abid Malik,Managing Director,Indus Venture,Venture Capital, Finance & Investment,https://www.linkedin.com/in/mabidmalik,Daniel
Davi La Ferla,Angel Investor,La Ferla Ventures,Venture Capital, Finance & Investment,https://www.linkedin.com/in/davilaferla,Daniel
Preethy Padmanabhan,Executive in Residence/CMO,Emergent Ventures,Venture Capital, Finance & Investment,https://www.linkedin.com/in/preepadu,Daniel
Rita Patel,Financial Services Professional,NYLIFE Securities LLC,Venture Capital, Finance & Investment,https://www.linkedin.com/in/rita-patel-2021,Daniel
Dhruv Pais,Analyst,Blue Whale Ventures,Venture Capital, Finance & Investment,https://www.linkedin.com/in/dhruvpais,Daniel
Jeni C.,Managing Director,Founder Institute,Venture Capital, Finance & Investment,https://www.linkedin.com/in/changjeni,Daniel
Andrey Anishchenko,Venture Partner,Emerge Education,Venture Capital, Finance & Investment,https://www.linkedin.com/in/andrey-anishchenko-b6784613,Daniel